full_name;stargazers_count;forks;created_at;clone_url;description
CyC2018/CS-Notes;102838;33532;2018-02-13T14:56:24Z;https://github.com/CyC2018/CS-Notes.git;:books: æŠ€æœ¯é¢è¯•å¿…å¤‡åŸºç¡€çŸ¥è¯†ã€Leetcodeã€è®¡ç®—æœºæ“ä½œç³»ç»Ÿã€è®¡ç®—æœºç½‘ç»œã€ç³»ç»Ÿè®¾è®¡ã€Javaã€Pythonã€C++
Snailclimb/JavaGuide;80826;27847;2018-05-07T13:27:00Z;https://github.com/Snailclimb/JavaGuide.git;ã€ŒJavaå­¦ä¹ +é¢è¯•æŒ‡å—ã€ä¸€ä»½æ¶µç›–å¤§éƒ¨åˆ†Javaç¨‹åºå‘˜æ‰€éœ€è¦æŒæ¡çš„æ ¸å¿ƒçŸ¥è¯†ã€‚
iluwatar/java-design-patterns;58105;18647;2014-08-09T16:45:18Z;https://github.com/iluwatar/java-design-patterns.git;Design patterns implemented in Java
MisterBooo/LeetCodeAnimation;55117;10158;2018-12-06T08:01:22Z;https://github.com/MisterBooo/LeetCodeAnimation.git;Demonstrate all the questions on LeetCode in the form of animation.ï¼ˆç”¨åŠ¨ç”»çš„å½¢å¼å‘ˆç°è§£LeetCodeé¢˜ç›®çš„æ€è·¯ï¼‰
elastic/elasticsearch;49249;16898;2010-02-08T13:20:56Z;https://github.com/elastic/elasticsearch.git;Open Source, Distributed, RESTful Search Engine
spring-projects/spring-boot;48295;30207;2012-10-19T15:02:57Z;https://github.com/spring-projects/spring-boot.git;Spring Boot
kdn251/interviews;44922;9485;2017-02-14T18:19:25Z;https://github.com/kdn251/interviews.git;Everything you need to know to get the job.
doocs/advanced-java;44235;12328;2018-10-06T11:38:30Z;https://github.com/doocs/advanced-java.git;ğŸ˜® äº’è”ç½‘ Java å·¥ç¨‹å¸ˆè¿›é˜¶çŸ¥è¯†å®Œå…¨æ‰«ç›²ï¼šæ¶µç›–é«˜å¹¶å‘ã€åˆ†å¸ƒå¼ã€é«˜å¯ç”¨ã€å¾®æœåŠ¡ã€æµ·é‡æ•°æ®å¤„ç†ç­‰é¢†åŸŸçŸ¥è¯†ï¼Œåç«¯åŒå­¦å¿…çœ‹ï¼Œå‰ç«¯åŒå­¦ä¹Ÿå¯å­¦ä¹ 
ReactiveX/RxJava;42828;7165;2013-01-08T20:11:48Z;https://github.com/ReactiveX/RxJava.git;RxJava â€“ Reactive Extensions for the JVM â€“ a library for composing asynchronous and event-based programs using observable sequences for the Java VM.
google/guava;37594;8440;2014-05-29T16:23:17Z;https://github.com/google/guava.git;Google core libraries for Java
spring-projects/spring-framework;37510;25286;2010-12-08T04:04:45Z;https://github.com/spring-projects/spring-framework.git;Spring Framework
square/okhttp;37295;8067;2012-07-23T13:42:55Z;https://github.com/square/okhttp.git;Squareâ€™s meticulous HTTP client for Java and Kotlin.
square/retrofit;35789;6567;2010-09-06T21:39:43Z;https://github.com/square/retrofit.git;A type-safe HTTP client for Android and the JVM
macrozheng/mall;35399;15103;2018-04-04T01:11:44Z;https://github.com/macrozheng/mall.git;mallé¡¹ç›®æ˜¯ä¸€å¥—ç”µå•†ç³»ç»Ÿï¼ŒåŒ…æ‹¬å‰å°å•†åŸç³»ç»ŸåŠåå°ç®¡ç†ç³»ç»Ÿï¼ŒåŸºäºSpringBoot+MyBatiså®ç°ï¼Œé‡‡ç”¨Dockerå®¹å™¨åŒ–éƒ¨ç½²ã€‚ å‰å°å•†åŸç³»ç»ŸåŒ…å«é¦–é¡µé—¨æˆ·ã€å•†å“æ¨èã€å•†å“æœç´¢ã€å•†å“å±•ç¤ºã€è´­ç‰©è½¦ã€è®¢å•æµç¨‹ã€ä¼šå‘˜ä¸­å¿ƒã€å®¢æˆ·æœåŠ¡ã€å¸®åŠ©ä¸­å¿ƒç­‰æ¨¡å—ã€‚ åå°ç®¡ç†ç³»ç»ŸåŒ…å«å•†å“ç®¡ç†ã€è®¢å•ç®¡ç†ã€ä¼šå‘˜ç®¡ç†ã€ä¿ƒé”€ç®¡ç†ã€è¿è¥ç®¡ç†ã€å†…å®¹ç®¡ç†ã€ç»Ÿè®¡æŠ¥è¡¨ã€è´¢åŠ¡ç®¡ç†ã€æƒé™ç®¡ç†ã€è®¾ç½®ç­‰æ¨¡å—ã€‚
apache/dubbo;32560;21217;2012-06-19T07:56:02Z;https://github.com/apache/dubbo.git;Apache Dubbo is a high-performance, java based, open source RPC framework.
PhilJay/MPAndroidChart;30868;7925;2014-04-25T14:29:47Z;https://github.com/PhilJay/MPAndroidChart.git;A powerful ğŸš€ Android chart view / graph view library, supporting line- bar- pie- radar- bubble- and candlestick charts as well as scaling, panning and animations.
bumptech/glide;29203;5352;2013-07-08T22:52:33Z;https://github.com/bumptech/glide.git;An image loading and caching library for Android focused on smooth scrolling
airbnb/lottie-android;28935;4625;2016-10-06T22:42:42Z;https://github.com/airbnb/lottie-android.git;Render After Effects animations natively on Android and iOS, Web, and React Native
Blankj/AndroidUtilCode;27188;8973;2016-07-30T18:18:32Z;https://github.com/Blankj/AndroidUtilCode.git;:fire: Android developers should collect the following utils(updating).
TheAlgorithms/Java;25931;9308;2016-07-16T10:21:02Z;https://github.com/TheAlgorithms/Java.git;All Algorithms implemented in Java
proxyee-down-org/proxyee-down;25625;4693;2017-10-25T10:07:27Z;https://github.com/proxyee-down-org/proxyee-down.git;httpä¸‹è½½å·¥å…·ï¼ŒåŸºäºhttpä»£ç†ï¼Œæ”¯æŒå¤šè¿æ¥åˆ†å—ä¸‹è½½
zxing/zxing;25489;8694;2011-10-12T14:07:27Z;https://github.com/zxing/zxing.git;ZXing (\Zebra Crossing\) barcode scanning library for Java, Android
JakeWharton/butterknife;25309;4729;2013-03-05T08:18:59Z;https://github.com/JakeWharton/butterknife.git;Bind Android views and callbacks to fields and methods.
crossoverJie/JCSprout;24789;6800;2017-12-17T09:06:50Z;https://github.com/crossoverJie/JCSprout.git;ğŸ‘¨â€ğŸ“ Java Core Sprout : basic, concurrent, algorithm 
netty/netty;23748;11346;2010-11-09T09:22:21Z;https://github.com/netty/netty.git;Netty project - an event-driven asynchronous network application framework
greenrobot/EventBus;22565;4480;2012-07-16T16:55:40Z;https://github.com/greenrobot/EventBus.git;Event bus for Android and Java that simplifies communication between Activities, Fragments, Threads, Services, etc. Less code, better quality.
skylot/jadx;22445;2647;2013-03-18T17:08:21Z;https://github.com/skylot/jadx.git;Dex to Java decompiler
ityouknow/spring-boot-examples;22406;10119;2016-11-05T05:32:33Z;https://github.com/ityouknow/spring-boot-examples.git;about learning Spring Boot via examples. Spring Boot æ•™ç¨‹ã€æŠ€æœ¯æ ˆç¤ºä¾‹ä»£ç ï¼Œå¿«é€Ÿç®€å•ä¸Šæ‰‹æ•™ç¨‹ã€‚ 
alibaba/fastjson;21717;5788;2011-11-03T06:58:52Z;https://github.com/alibaba/fastjson.git;A fast JSON parser/generator for Java.  
alibaba/arthas;21467;4656;2018-08-29T17:15:57Z;https://github.com/alibaba/arthas.git;Alibaba Java Diagnostic Tool Arthas/Alibaba Javaè¯Šæ–­åˆ©å™¨Arthas
alibaba/druid;21368;7114;2011-11-03T05:12:51Z;https://github.com/alibaba/druid.git;é˜¿é‡Œå·´å·´è®¡ç®—å¹³å°äº‹ä¸šéƒ¨å‡ºå“ï¼Œä¸ºç›‘æ§è€Œç”Ÿçš„æ•°æ®åº“è¿æ¥æ± 
eugenp/tutorials;21182;34008;2013-04-29T18:26:36Z;https://github.com/eugenp/tutorials.git;Just Announced - \Learn Spring Security OAuth\: 
NationalSecurityAgency/ghidra;21089;2813;2019-03-01T03:27:48Z;https://github.com/NationalSecurityAgency/ghidra.git;Ghidra is a software reverse engineering (SRE) framework
ctripcorp/apollo;21033;7627;2016-03-04T10:24:23Z;https://github.com/ctripcorp/apollo.git;Apolloï¼ˆé˜¿æ³¢ç½—ï¼‰æ˜¯æºç¨‹æ¡†æ¶éƒ¨é—¨ç ”å‘çš„åˆ†å¸ƒå¼é…ç½®ä¸­å¿ƒï¼Œèƒ½å¤Ÿé›†ä¸­åŒ–ç®¡ç†åº”ç”¨ä¸åŒç¯å¢ƒã€ä¸åŒé›†ç¾¤çš„é…ç½®ï¼Œé…ç½®ä¿®æ”¹åèƒ½å¤Ÿå®æ—¶æ¨é€åˆ°åº”ç”¨ç«¯ï¼Œå¹¶ä¸”å…·å¤‡è§„èŒƒçš„æƒé™ã€æµç¨‹æ²»ç†ç­‰ç‰¹æ€§ï¼Œé€‚ç”¨äºå¾®æœåŠ¡é…ç½®ç®¡ç†åœºæ™¯ã€‚
scwang90/SmartRefreshLayout;20836;4341;2017-06-02T09:52:50Z;https://github.com/scwang90/SmartRefreshLayout.git;ğŸ”¥ä¸‹æ‹‰åˆ·æ–°ã€ä¸Šæ‹‰åŠ è½½ã€äºŒçº§åˆ·æ–°ã€æ·˜å®äºŒæ¥¼ã€RefreshLayoutã€OverScrollï¼ŒAndroidæ™ºèƒ½ä¸‹æ‹‰åˆ·æ–°æ¡†æ¶ï¼Œæ”¯æŒè¶Šç•Œå›å¼¹ã€è¶Šç•Œæ‹–åŠ¨ï¼Œå…·æœ‰æå¼ºçš„æ‰©å±•æ€§ï¼Œé›†æˆäº†å‡ åç§ç‚«é…·çš„Headerå’Œ Footerã€‚
CymChad/BaseRecyclerViewAdapterHelper;20117;4253;2016-04-10T07:40:11Z;https://github.com/CymChad/BaseRecyclerViewAdapterHelper.git;BRVAH:Powerful and flexible RecyclerAdapter
kon9chunkit/GitHub-Chinese-Top-Charts;20099;2685;2019-09-05T03:01:56Z;https://github.com/kon9chunkit/GitHub-Chinese-Top-Charts.git;:cn: GitHubä¸­æ–‡æ’è¡Œæ¦œï¼Œå¸®åŠ©ä½ å‘ç°é«˜åˆ†ä¼˜ç§€ä¸­æ–‡é¡¹ç›®ã€æ›´é«˜æ•ˆåœ°å¸æ”¶å›½äººçš„ä¼˜ç§€ç»éªŒæˆæœï¼›æ¦œå•æ¯å‘¨æ›´æ–°ä¸€æ¬¡ï¼Œæ•¬è¯·å…³æ³¨ï¼
Netflix/Hystrix;19771;4054;2012-11-19T20:14:46Z;https://github.com/Netflix/Hystrix.git;Hystrix is a latency and fault tolerance library designed to isolate points of access to remote systems, services and 3rd party libraries, stop cascading failure and enable resilience in complex distributed systems where failure is inevitable.
ReactiveX/RxAndroid;18984;2953;2014-08-19T03:46:38Z;https://github.com/ReactiveX/RxAndroid.git;RxJava bindings for Android
google/gson;17960;3494;2015-03-19T18:21:20Z;https://github.com/google/gson.git;A Java serialization/deserialization library to convert Java Objects into JSON and back
SeleniumHQ/selenium;17826;5726;2013-01-14T21:40:56Z;https://github.com/SeleniumHQ/selenium.git;A browser automation framework and ecosystem.
square/picasso;17491;3989;2013-05-14T15:07:47Z;https://github.com/square/picasso.git;A powerful image downloading and caching library for Android
libgdx/libgdx;17013;6036;2012-08-10T19:34:38Z;https://github.com/libgdx/libgdx.git;Desktop/Android/HTML5/iOS Java game development framework
chrisbanes/PhotoView;16796;3721;2012-07-17T16:39:00Z;https://github.com/chrisbanes/PhotoView.git;Implementation of ImageView for Android that supports zooming, by various touch gestures.
nostra13/Android-Universal-Image-Loader;16727;6296;2011-11-27T18:48:23Z;https://github.com/nostra13/Android-Universal-Image-Loader.git;Powerful and flexible library for loading, caching and displaying images on Android.
lenve/vhr;16641;6996;2018-01-04T08:57:51Z;https://github.com/lenve/vhr.git;å¾®äººäº‹æ˜¯ä¸€ä¸ªå‰åç«¯åˆ†ç¦»çš„äººåŠ›èµ„æºç®¡ç†ç³»ç»Ÿï¼Œé¡¹ç›®é‡‡ç”¨SpringBoot+Vueå¼€å‘ã€‚
facebook/fresco;16189;3734;2015-03-02T09:58:04Z;https://github.com/facebook/fresco.git;An Android library for managing images and the memory they use.
qiurunze123/miaosha;15975;3896;2018-09-14T04:36:24Z;https://github.com/qiurunze123/miaosha.git;â­â­â­â­ç§’æ€ç³»ç»Ÿè®¾è®¡ä¸å®ç°.äº’è”ç½‘å·¥ç¨‹å¸ˆè¿›é˜¶ä¸åˆ†æğŸ™‹ğŸ“
apache/kafka;15950;8465;2011-08-15T18:06:16Z;https://github.com/apache/kafka.git;Mirror of Apache Kafka
seata/seata;15910;4277;2018-12-28T08:37:22Z;https://github.com/seata/seata.git;:fire: Seata is an easy-to-use, high-performance, open source distributed transaction solution.
google/ExoPlayer;15660;4697;2014-06-13T21:19:18Z;https://github.com/google/ExoPlayer.git;An extensible media player for Android
jenkinsci/jenkins;15623;6260;2010-11-22T21:21:23Z;https://github.com/jenkinsci/jenkins.git;Jenkins automation server
shuzheng/zheng;15404;7325;2016-10-04T10:07:06Z;https://github.com/shuzheng/zheng.git;åŸºäºSpring+SpringMVC+Mybatisåˆ†å¸ƒå¼æ•æ·å¼€å‘ç³»ç»Ÿæ¶æ„ï¼Œæä¾›æ•´å¥—å…¬å…±å¾®æœåŠ¡æœåŠ¡æ¨¡å—ï¼šé›†ä¸­æƒé™ç®¡ç†ï¼ˆå•ç‚¹ç™»å½•ï¼‰ã€å†…å®¹ç®¡ç†ã€æ”¯ä»˜ä¸­å¿ƒã€ç”¨æˆ·ç®¡ç†ï¼ˆæ”¯æŒç¬¬ä¸‰æ–¹ç™»å½•ï¼‰ã€å¾®ä¿¡å¹³å°ã€å­˜å‚¨ç³»ç»Ÿã€é…ç½®ä¸­å¿ƒã€æ—¥å¿—åˆ†æã€ä»»åŠ¡å’Œé€šçŸ¥ç­‰ï¼Œæ”¯æŒæœåŠ¡æ²»ç†ã€ç›‘æ§å’Œè¿½è¸ªï¼ŒåŠªåŠ›ä¸ºä¸­å°å‹ä¼ä¸šæ‰“é€ å…¨æ–¹ä½J2EEä¼ä¸šçº§å¼€å‘è§£å†³æ–¹æ¡ˆã€‚
halo-dev/halo;15343;5095;2018-03-21T12:56:52Z;https://github.com/halo-dev/halo.git;âœ An excellent open source blog publishing application. | ä¸€ä¸ªä¼˜ç§€çš„å¼€æºåšå®¢å‘å¸ƒåº”ç”¨ã€‚
hollischuang/toBeTopJavaer;15107;3557;2018-10-25T09:54:54Z;https://github.com/hollischuang/toBeTopJavaer.git;To Be Top Javaer - Javaå·¥ç¨‹å¸ˆæˆç¥ä¹‹è·¯
alibaba/easyexcel;15081;3925;2018-02-06T03:14:08Z;https://github.com/alibaba/easyexcel.git;å¿«é€Ÿã€ç®€å•é¿å…OOMçš„javaå¤„ç†Excelå·¥å…·
Tencent/tinker;15061;3045;2016-09-06T06:57:52Z;https://github.com/Tencent/tinker.git;Tinker is a hot-fix solution library for Android, it supports dex, library and resources update without reinstall apk.
xkcoding/spring-boot-demo;14982;5007;2017-11-10T06:27:29Z;https://github.com/xkcoding/spring-boot-demo.git;spring boot demo æ˜¯ä¸€ä¸ªç”¨æ¥æ·±åº¦å­¦ä¹ å¹¶å®æˆ˜ spring boot çš„é¡¹ç›®ï¼Œç›®å‰æ€»å…±åŒ…å« 65 ä¸ªé›†æˆdemoï¼Œå·²ç»å®Œæˆ 53 ä¸ªã€‚  è¯¥é¡¹ç›®å·²æˆåŠŸé›†æˆ actuator(ç›‘æ§)ã€admin(å¯è§†åŒ–ç›‘æ§)ã€logback(æ—¥å¿—)ã€aopLog(é€šè¿‡AOPè®°å½•webè¯·æ±‚æ—¥å¿—)ã€ç»Ÿä¸€å¼‚å¸¸å¤„ç†(jsonçº§åˆ«å’Œé¡µé¢çº§åˆ«)ã€freemarker(æ¨¡æ¿å¼•æ“)ã€thymeleaf(æ¨¡æ¿å¼•æ“)ã€Beetl(æ¨¡æ¿å¼•æ“)ã€Enjoy(æ¨¡æ¿å¼•æ“)ã€JdbcTemplate(é€šç”¨JDBCæ“ä½œæ•°æ®åº“)ã€JPA(å¼ºå¤§çš„ORMæ¡†æ¶)ã€mybatis(å¼ºå¤§çš„ORMæ¡†æ¶)ã€é€šç”¨Mapper(å¿«é€Ÿæ“ä½œMybatis)ã€PageHelper(é€šç”¨çš„Mybatisåˆ†é¡µæ’ä»¶)ã€mybatis-plus(å¿«é€Ÿæ“ä½œMybatis)ã€BeetlSQL(å¼ºå¤§çš„ORMæ¡†æ¶)ã€upload(æœ¬åœ°æ–‡ä»¶ä¸Šä¼ å’Œä¸ƒç‰›äº‘æ–‡ä»¶ä¸Šä¼ )ã€redis(ç¼“å­˜)ã€ehcache(ç¼“å­˜)ã€email(å‘é€å„ç§ç±»å‹é‚®ä»¶)ã€task(åŸºç¡€å®šæ—¶ä»»åŠ¡)ã€quartz(åŠ¨æ€ç®¡ç†å®šæ—¶ä»»åŠ¡)ã€xxl-job(åˆ†å¸ƒå¼å®šæ—¶ä»»åŠ¡)ã€swagger(APIæ¥å£ç®¡ç†æµ‹è¯•)ã€security(åŸºäºRBACçš„åŠ¨æ€æƒé™è®¤è¯)ã€SpringSession(Sessionå…±äº«)ã€Zookeeper(ç»“åˆAOPå®ç°åˆ†å¸ƒå¼é”)ã€RabbitMQ(æ¶ˆæ¯é˜Ÿåˆ—)ã€Kafka(æ¶ˆæ¯é˜Ÿåˆ—)ã€websocket(æœåŠ¡ç«¯æ¨é€ç›‘æ§æœåŠ¡å™¨è¿è¡Œä¿¡æ¯)ã€socket.io(èŠå¤©å®¤)ã€ureport2(ä¸­å›½å¼æŠ¥è¡¨)ã€æ‰“åŒ…æˆwaræ–‡ä»¶ã€é›†æˆ ElasticSearch(åŸºæœ¬æ“ä½œå’Œé«˜çº§æŸ¥è¯¢)ã€Async(å¼‚æ­¥ä»»åŠ¡)ã€é›†æˆDubbo(é‡‡ç”¨å®˜æ–¹çš„starter)ã€MongoDB(æ–‡æ¡£æ•°æ®åº“)ã€neo4j(å›¾æ•°æ®åº“)ã€docker(å®¹å™¨åŒ–)ã€JPAå¤šæ•°æ®æºã€Mybatiså¤šæ•°æ®æºã€ä»£ç ç”Ÿæˆå™¨ã€GrayLog(æ—¥å¿—æ”¶é›†)ã€JustAuth(ç¬¬ä¸‰æ–¹ç™»å½•)ã€LDAP(å¢åˆ æ”¹æŸ¥)ã€åŠ¨æ€æ·»åŠ /åˆ‡æ¢æ•°æ®æºã€å•æœºé™æµ(AOP + Guava RateLimiter)ã€åˆ†å¸ƒå¼é™æµ(AOP + Redis + Lua)ã€ElasticSearch 7.x(ä½¿ç”¨å®˜æ–¹ Rest High Level Client)ã€HTTPSã€‚
wuyouzhuguli/SpringAll;14852;4300;2018-05-02T02:48:44Z;https://github.com/wuyouzhuguli/SpringAll.git;å¾ªåºæ¸è¿›ï¼Œå­¦ä¹ Spring Bootã€Spring Boot & Shiroã€Spring Batchã€Spring Cloudã€Spring Cloud Alibabaã€Spring Security & Spring Security OAuth2ï¼Œåšå®¢Springç³»åˆ—æºç ï¼šhttps://mrbird.cc
bazelbuild/bazel;14799;2552;2014-06-12T16:00:38Z;https://github.com/bazelbuild/bazel.git;a fast, scalable, multi-language and extensible build system
didi/DoraemonKit;14719;2005;2018-08-14T10:32:07Z;https://github.com/didi/DoraemonKit.git;A full-featured App (iOS & Android) development assistant. You deserve it.  ç®€ç§° \DoKit\ ã€‚ä¸€æ¬¾åŠŸèƒ½é½å…¨çš„å®¢æˆ·ç«¯ï¼ˆ iOS ã€Androidã€å¾®ä¿¡å°ç¨‹åº ï¼‰ç ”å‘åŠ©æ‰‹ï¼Œä½ å€¼å¾—æ‹¥æœ‰ã€‚https://www.dokit.cn/
android10/Android-CleanArchitecture;14318;3231;2014-08-19T14:09:26Z;https://github.com/android10/Android-CleanArchitecture.git;This is a sample app that is part of a series of blog posts I have written about how to architect an android application using Uncle Bob's clean architecture approach.
xuxueli/xxl-job;14247;6039;2015-11-28T12:59:34Z;https://github.com/xuxueli/xxl-job.git;A distributed task scheduling framework.ï¼ˆåˆ†å¸ƒå¼ä»»åŠ¡è°ƒåº¦å¹³å°XXL-JOBï¼‰
CarGuo/GSYVideoPlayer;14193;3177;2016-11-13T12:34:31Z;https://github.com/CarGuo/GSYVideoPlayer.git;è§†é¢‘æ’­æ”¾å™¨ï¼ˆIJKplayerã€ExoPlayerã€MediaPlayerï¼‰ï¼ŒHTTPSï¼Œæ”¯æŒå¼¹å¹•ï¼Œå¤–æŒ‚å­—å¹•ï¼Œæ”¯æŒæ»¤é•œã€æ°´å°ã€gifæˆªå›¾ï¼Œç‰‡å¤´å¹¿å‘Šã€ä¸­é—´å¹¿å‘Šï¼Œå¤šä¸ªåŒæ—¶æ’­æ”¾ï¼Œæ”¯æŒåŸºæœ¬çš„æ‹–åŠ¨ï¼Œå£°éŸ³ã€äº®åº¦è°ƒèŠ‚ï¼Œæ”¯æŒè¾¹æ’­è¾¹ç¼“å­˜ï¼Œæ”¯æŒè§†é¢‘è‡ªå¸¦rotationçš„æ—‹è½¬ï¼ˆ90,270ä¹‹ç±»ï¼‰ï¼Œé‡åŠ›æ—‹è½¬ä¸æ‰‹åŠ¨æ—‹è½¬çš„åŒæ­¥æ”¯æŒï¼Œæ”¯æŒåˆ—è¡¨æ’­æ”¾ ï¼Œåˆ—è¡¨å…¨å±åŠ¨ç”»ï¼Œè§†é¢‘åŠ è½½é€Ÿåº¦ï¼Œåˆ—è¡¨å°çª—å£æ”¯æŒæ‹–åŠ¨ï¼ŒåŠ¨ç”»æ•ˆæœï¼Œè°ƒæ•´æ¯”ä¾‹ï¼Œå¤šåˆ†è¾¨ç‡åˆ‡æ¢ï¼Œæ”¯æŒåˆ‡æ¢æ’­æ”¾å™¨ï¼Œè¿›åº¦æ¡å°çª—å£é¢„è§ˆï¼Œåˆ—è¡¨åˆ‡æ¢è¯¦æƒ…é¡µé¢æ— ç¼æ’­æ”¾ï¼Œrtspã€concatã€mpegã€‚ 
alibaba/canal;14153;4583;2013-01-13T10:59:52Z;https://github.com/alibaba/canal.git;é˜¿é‡Œå·´å·´ MySQL binlog å¢é‡è®¢é˜…&æ¶ˆè´¹ç»„ä»¶ 
DrKLO/Telegram;14147;5284;2013-10-25T14:08:10Z;https://github.com/DrKLO/Telegram.git;Telegram for Android source
alibaba/spring-cloud-alibaba;13973;4116;2017-12-01T20:49:15Z;https://github.com/alibaba/spring-cloud-alibaba.git;Spring Cloud Alibaba provides a one-stop solution for application development for the distributed solutions of Alibaba middleware.
dbeaver/dbeaver;13717;1248;2015-10-21T08:26:28Z;https://github.com/dbeaver/dbeaver.git;Free universal database tool and SQL client
mybatis/mybatis-3;13618;9034;2013-02-14T19:03:32Z;https://github.com/mybatis/mybatis-3.git;MyBatis SQL mapper framework for Java
apache/skywalking;13570;3945;2015-11-07T03:30:36Z;https://github.com/apache/skywalking.git;APM, Application Performance Monitoring System
dianping/cat;13443;4384;2012-12-05T02:31:48Z;https://github.com/dianping/cat.git;CAT ä½œä¸ºæœåŠ¡ç«¯é¡¹ç›®åŸºç¡€ç»„ä»¶ï¼Œæä¾›äº† Java, C/C++, Node.js, Python, Go ç­‰å¤šè¯­è¨€å®¢æˆ·ç«¯ï¼Œå·²ç»åœ¨ç¾å›¢ç‚¹è¯„çš„åŸºç¡€æ¶æ„ä¸­é—´ä»¶æ¡†æ¶ï¼ˆMVCæ¡†æ¶ï¼ŒRPCæ¡†æ¶ï¼Œæ•°æ®åº“æ¡†æ¶ï¼Œç¼“å­˜æ¡†æ¶ç­‰ï¼Œæ¶ˆæ¯é˜Ÿåˆ—ï¼Œé…ç½®ç³»ç»Ÿç­‰ï¼‰æ·±åº¦é›†æˆï¼Œä¸ºç¾å›¢ç‚¹è¯„å„ä¸šåŠ¡çº¿æä¾›ç³»ç»Ÿä¸°å¯Œçš„æ€§èƒ½æŒ‡æ ‡ã€å¥åº·çŠ¶å†µã€å®æ—¶å‘Šè­¦ç­‰ã€‚
lgvalle/Material-Animations;13321;2558;2015-03-08T20:54:00Z;https://github.com/lgvalle/Material-Animations.git;Android Transition animations explanation with examples.
redisson/redisson;13300;3259;2014-01-11T14:06:25Z;https://github.com/redisson/redisson.git;Redisson - Redis Java client with features of In-Memory Data Grid. Over 50 Redis based Java objects and services: Set, Multimap, SortedSet, Map, List, Queue, Deque, Semaphore, Lock, AtomicLong, Map Reduce, Publish / Subscribe, Bloom filter, Spring Cache, Tomcat, Scheduler, JCache API, Hibernate, MyBatis, RPC, local cache ...
signalapp/Signal-Android;13205;3352;2011-12-15T20:01:12Z;https://github.com/signalapp/Signal-Android.git;A private messenger for Android.
apache/flink;13177;7111;2014-06-07T07:00:10Z;https://github.com/apache/flink.git;Apache Flink
hdodenhof/CircleImageView;13158;2933;2014-01-17T16:44:46Z;https://github.com/hdodenhof/CircleImageView.git;A circular ImageView for Android
zhangdaiscott/jeecg-boot;13105;4998;2018-11-26T10:40:00Z;https://github.com/zhangdaiscott/jeecg-boot.git;åŸºäºä»£ç ç”Ÿæˆå™¨çš„å¿«é€Ÿå¼€å‘å¹³å°ï¼Œè¶…è¶Šä¼ ç»Ÿå•†ä¸šå¼€å‘å¹³å°ï¼å‰åç«¯åˆ†ç¦»æ¶æ„ï¼šSpringBoot 2.xï¼ŒAnt Design&Vueï¼ŒMybatis-plusï¼ŒShiroï¼ŒJWTã€‚å¼ºå¤§çš„ä»£ç ç”Ÿæˆå™¨è®©å‰åç«¯ä»£ç ä¸€é”®ç”Ÿæˆï¼Œæ— éœ€å†™ä»»ä½•ä»£ç ! å¼•é¢†æ–°å¼€å‘æ¨¡å¼(OnlineCoding-> ä»£ç ç”Ÿæˆ-> æ‰‹å·¥MERGE)ï¼Œå¸®åŠ©Javaé¡¹ç›®è§£å†³70%é‡å¤å·¥ä½œï¼Œè®©å¼€å‘æ›´å…³æ³¨ä¸šåŠ¡é€»è¾‘ï¼Œæ—¢èƒ½å¿«é€Ÿæé«˜å¼€å‘æ•ˆç‡ï¼Œå¸®åŠ©å…¬å¸èŠ‚çœæˆæœ¬ï¼ŒåŒæ—¶åˆä¸å¤±çµæ´»æ€§ã€‚
brettwooldridge/HikariCP;13096;2038;2013-10-08T05:43:03Z;https://github.com/brettwooldridge/HikariCP.git;å…‰ HikariCPãƒ»A solid, high-performance, JDBC connection pool at last.
react-native-community/lottie-react-native;13026;1388;2017-01-27T18:24:50Z;https://github.com/react-native-community/lottie-react-native.git;Lottie wrapper for React Native.
linlinjava/litemall;13018;5247;2018-03-22T16:42:30Z;https://github.com/linlinjava/litemall.git;åˆä¸€ä¸ªå°å•†åŸã€‚litemall = Spring Bootåç«¯ + Vueç®¡ç†å‘˜å‰ç«¯ + å¾®ä¿¡å°ç¨‹åºç”¨æˆ·å‰ç«¯ + Vueç”¨æˆ·ç§»åŠ¨ç«¯
winterbe/java8-tutorial;12990;3137;2014-03-16T17:25:43Z;https://github.com/winterbe/java8-tutorial.git;Modern Java - A Guide to Java 8
JeffLi1993/springboot-learning-example;12959;6374;2017-02-06T07:02:25Z;https://github.com/JeffLi1993/springboot-learning-example.git;spring boot å®è·µå­¦ä¹ æ¡ˆä¾‹ï¼Œæ˜¯ spring boot åˆå­¦è€…åŠæ ¸å¿ƒæŠ€æœ¯å·©å›ºçš„æœ€ä½³å®è·µã€‚å¦å¤–å†™åšå®¢ï¼Œç”¨ OpenWriteã€‚
EnterpriseQualityCoding/FizzBuzzEnterpriseEdition;12957;579;2012-11-24T00:14:41Z;https://github.com/EnterpriseQualityCoding/FizzBuzzEnterpriseEdition.git;FizzBuzz Enterprise Edition is a no-nonsense implementation of FizzBuzz made by serious businessmen for serious business purposes.
looly/hutool;12951;4050;2014-04-13T07:23:51Z;https://github.com/looly/hutool.git;A set of tools that keep Java sweet.
openzipkin/zipkin;12928;2442;2012-06-06T18:26:16Z;https://github.com/openzipkin/zipkin.git;Zipkin is a distributed tracing system
forezp/SpringCloudLearning;12917;6554;2017-04-08T10:06:56Z;https://github.com/forezp/SpringCloudLearning.git;ã€Šå²ä¸Šæœ€ç®€å•çš„Spring Cloudæ•™ç¨‹æºç ã€‹
oracle/graal;12670;897;2016-01-14T17:11:35Z;https://github.com/oracle/graal.git;GraalVM: Run Programs Faster Anywhere :rocket:
LMAX-Exchange/disruptor;12464;3106;2012-09-21T13:42:24Z;https://github.com/LMAX-Exchange/disruptor.git;High Performance Inter-Thread Messaging Library
alibaba/Sentinel;12457;4024;2018-04-04T06:37:33Z;https://github.com/alibaba/Sentinel.git;A powerful flow control component enabling reliability, resilience and monitoring for microservices. (é¢å‘äº‘åŸç”Ÿå¾®æœåŠ¡çš„é«˜å¯ç”¨æµæ§é˜²æŠ¤ç»„ä»¶)
alibaba/nacos;12395;3955;2018-06-15T06:49:27Z;https://github.com/alibaba/nacos.git;an easy-to-use dynamic service discovery, configuration and service management platform for building cloud native applications.
orhanobut/logger;12269;1962;2015-03-20T22:30:12Z;https://github.com/orhanobut/logger.git;âœ”ï¸ Simple, pretty and powerful logger for android
greenrobot/greenDAO;12091;2834;2011-10-22T16:15:14Z;https://github.com/greenrobot/greenDAO.git;greenDAO is a light & fast ORM solution for Android that maps objects to SQLite databases.
alibaba/ARouter;11966;2061;2016-12-14T01:27:49Z;https://github.com/alibaba/ARouter.git;ğŸ’ª A framework for assisting in the renovation of Android componentization (å¸®åŠ© Android App è¿›è¡Œç»„ä»¶åŒ–æ”¹é€ çš„è·¯ç”±æ¡†æ¶)
facebook/stetho;11888;1088;2015-01-22T22:34:10Z;https://github.com/facebook/stetho.git;Stetho is a debug bridge for Android applications, enabling the powerful Chrome Developer Tools and much more.
daimajia/AndroidSwipeLayout;11793;2712;2014-08-25T04:09:33Z;https://github.com/daimajia/AndroidSwipeLayout.git;The Most Powerful Swipe Layout!
Bigkoo/Android-PickerView;11772;2988;2014-12-28T01:46:38Z;https://github.com/Bigkoo/Android-PickerView.git;This is a picker view for android , support linkage effect, timepicker and optionspicker.ï¼ˆæ—¶é—´é€‰æ‹©å™¨ã€çœå¸‚åŒºä¸‰çº§è”åŠ¨ï¼‰
Curzibn/Luban;11708;1984;2016-07-24T07:43:21Z;https://github.com/Curzibn/Luban.git;Luban(é²ç­)â€”Image compression with efficiency very close to WeChat Moments/å¯èƒ½æ˜¯æœ€æ¥è¿‘å¾®ä¿¡æœ‹å‹åœˆçš„å›¾ç‰‡å‹ç¼©ç®—æ³•
eclipse/deeplearning4j;11660;4814;2013-11-27T02:03:28Z;https://github.com/eclipse/deeplearning4j.git;Eclipse Deeplearning4j, ND4J, DataVec and more - deep learning & linear algebra for Java/Scala with GPUs + Spark
Tencent/QMUI_Android;11545;2225;2017-04-21T10:03:18Z;https://github.com/Tencent/QMUI_Android.git;æé«˜ Android UI å¼€å‘æ•ˆç‡çš„ UI åº“
wix/react-native-navigation;11498;2569;2016-03-11T11:22:54Z;https://github.com/wix/react-native-navigation.git;A complete native navigation solution for React Native
nathanmarz/storm;9006;1752;2011-09-17T07:55:13Z;https://github.com/nathanmarz/storm.git;Distributed and fault-tolerant realtime computation: stream processing, continuous computation, distributed RPC, and more
umano/AndroidSlidingUpPanel;8988;2311;2013-05-31T18:33:53Z;https://github.com/umano/AndroidSlidingUpPanel.git;This library provides a simple way to add a draggable sliding up panel (popularized by Google Music and Google Maps) to your Android application. Brought to you by Umano.
chrisbanes/Android-PullToRefresh;8825;4949;2011-11-29T09:59:56Z;https://github.com/chrisbanes/Android-PullToRefresh.git;DEPRECATED
TeamNewPipe/NewPipe;8825;1292;2015-09-03T23:39:26Z;https://github.com/TeamNewPipe/NewPipe.git;A libre lightweight streaming front-end for Android.
codecentric/spring-boot-admin;8779;2482;2014-07-25T11:39:13Z;https://github.com/codecentric/spring-boot-admin.git;Admin UI for administration of spring boot applications
baomidou/mybatis-plus;8769;2424;2016-08-18T10:06:53Z;https://github.com/baomidou/mybatis-plus.git;An powerful enhanced toolkit of MyBatis for simplify development
perwendel/spark;8757;1506;2011-05-05T11:52:05Z;https://github.com/perwendel/spark.git;A simple expressive web framework for java. News: Spark now has a kotlin DSL https://github.com/perwendel/spark-kotlin
sqshq/piggymetrics;8750;4428;2015-03-29T17:56:31Z;https://github.com/sqshq/piggymetrics.git;Microservice Architecture with Spring Boot, Spring Cloud and Docker
wasabeef/glide-transformations;8746;1311;2015-01-09T10:33:29Z;https://github.com/wasabeef/glide-transformations.git;An Android transformation library providing a variety of image transformations for Glide.
justauth/JustAuth;8717;1524;2019-01-31T09:42:20Z;https://github.com/justauth/JustAuth.git;:100: å²ä¸Šæœ€å…¨çš„æ•´åˆç¬¬ä¸‰æ–¹ç™»å½•çš„å¼€æºåº“ã€‚ç›®å‰å·²æ”¯æŒGithubã€Giteeã€å¾®åšã€é’‰é’‰ã€ç™¾åº¦ã€Codingã€è…¾è®¯äº‘å¼€å‘è€…å¹³å°ã€OSChinaã€æ”¯ä»˜å®ã€QQã€å¾®ä¿¡ã€æ·˜å®ã€Googleã€Facebookã€æŠ–éŸ³ã€é¢†è‹±ã€å°ç±³ã€å¾®è½¯ã€ä»Šæ—¥å¤´æ¡ã€Teambitionã€StackOverflowã€Pinterestã€äººäººã€åä¸ºã€ä¼ä¸šå¾®ä¿¡ã€é…·å®¶ä¹ã€Gitlabã€ç¾å›¢ã€é¥¿äº†ä¹ˆå’Œæ¨ç‰¹ç­‰ç¬¬ä¸‰æ–¹å¹³å°çš„æˆæƒç™»å½•ã€‚ Login, so easy!
java-decompiler/jd-gui;8601;1670;2015-03-25T05:28:41Z;https://github.com/java-decompiler/jd-gui.git;A standalone Java Decompiler GUI
chrisjenx/Calligraphy;8544;1097;2013-12-20T02:35:45Z;https://github.com/chrisjenx/Calligraphy.git;Custom fonts in Android the easy way...
daniulive/SmarterStreaming;8542;2282;2016-03-26T14:46:02Z;https://github.com/daniulive/SmarterStreaming.git;å›½å†…å¤–ä¸ºæ•°ä¸å¤šè‡´åŠ›äºæè‡´ä½“éªŒçš„è¶…å¼ºå…¨è‡ªç ”è·¨å¹³å°(windows/android/iOS)æµåª’ä½“å†…æ ¸ï¼Œé€šè¿‡æ¨¡å—åŒ–è‡ªç”±ç»„åˆï¼Œæ”¯æŒå®æ—¶RTMPæ¨æµã€RTSPæ¨æµã€RTMPæ’­æ”¾å™¨ã€RTSPæ’­æ”¾å™¨ã€å½•åƒã€å¤šè·¯æµåª’ä½“è½¬å‘ã€éŸ³è§†é¢‘å¯¼æ’­ã€åŠ¨æ€è§†é¢‘åˆæˆã€éŸ³é¢‘æ··éŸ³ã€ç›´æ’­äº’åŠ¨ã€å†…ç½®è½»é‡çº§RTSPæœåŠ¡ç­‰ï¼Œæ¯”å¿«æ›´å¿«ï¼Œä¸šç•ŒçœŸæ­£é è°±çš„è¶…ä½å»¶è¿Ÿç›´æ’­SDK(1ç§’å†…ï¼Œä½å»¶è¿Ÿæ¨¡å¼ä¸‹200~400ms)ã€‚
mission-peace/interview;8487;4293;2014-07-20T21:27:31Z;https://github.com/mission-peace/interview.git;Interview questions
react-native-community/react-native-camera;8444;2751;2015-04-01T00:54:40Z;https://github.com/react-native-community/react-native-camera.git;A Camera component for React Native. Also supports barcode scanning!
roughike/BottomBar;8377;1567;2016-03-16T01:31:05Z;https://github.com/roughike/BottomBar.git;(Deprecated) A custom view component that mimics the new Material Design Bottom Navigation pattern.
koral--/android-gif-drawable;8293;1668;2013-01-30T01:37:46Z;https://github.com/koral--/android-gif-drawable.git;Views and Drawable for displaying animated GIFs on Android
laobie/StatusBarUtil;8276;1621;2016-02-15T03:06:06Z;https://github.com/laobie/StatusBarUtil.git;A util for setting status bar style on Android App.
gyf-dev/ImmersionBar;8273;1416;2017-04-19T05:10:09Z;https://github.com/gyf-dev/ImmersionBar.git;android 4.4ä»¥ä¸Šæ²‰æµ¸å¼çŠ¶æ€æ å’Œæ²‰æµ¸å¼å¯¼èˆªæ ç®¡ç†ï¼Œé€‚é…æ¨ªç«–å±åˆ‡æ¢ã€åˆ˜æµ·å±ã€è½¯é”®ç›˜å¼¹å‡ºç­‰é—®é¢˜ï¼Œå¯ä»¥ä¿®æ”¹çŠ¶æ€æ å­—ä½“é¢œè‰²å’Œå¯¼èˆªæ å›¾æ ‡é¢œè‰²ï¼Œä»¥åŠä¸å¯ä¿®æ”¹å­—ä½“é¢œè‰²æ‰‹æœºçš„é€‚é…ï¼Œé€‚ç”¨äºActivityã€Fragmentã€DialogFragmentã€Dialogï¼ŒPopupWindowï¼Œä¸€å¥ä»£ç è½»æ¾å®ç°ï¼Œä»¥åŠå¯¹barçš„å…¶ä»–è®¾ç½®ï¼Œè¯¦è§READMEã€‚ç®€ä¹¦è¯·å‚è€ƒï¼šhttp://www.jianshu.com/p/2a884e211a62
Freelander/Android_Data;8233;2055;2015-04-04T01:37:44Z;https://github.com/Freelander/Android_Data.git;Some Android learning materials, hoping to help you learn Android development.
janishar/mit-deep-learning-book-pdf;8198;1967;2017-04-07T10:46:50Z;https://github.com/janishar/mit-deep-learning-book-pdf.git;MIT Deep Learning Book in PDF format (complete and parts) by Ian Goodfellow, Yoshua Bengio and Aaron Courville
square/javapoet;8087;1037;2013-02-01T16:56:30Z;https://github.com/square/javapoet.git;A Java API for generating .java source files.
MyCATApache/Mycat-Server;8050;3688;2014-12-04T02:46:54Z;https://github.com/MyCATApache/Mycat-Server.git;null
jhy/jsoup;7956;1780;2009-12-19T01:29:58Z;https://github.com/jhy/jsoup.git;jsoup: Java HTML Parser, with best of DOM, CSS, and jquery
paascloud/paascloud-master;7925;3735;2018-03-17T05:40:43Z;https://github.com/paascloud/paascloud-master.git;spring cloud + vue + oAuth2.0å…¨å®¶æ¡¶å®æˆ˜ï¼Œå‰åç«¯åˆ†ç¦»æ¨¡æ‹Ÿå•†åŸï¼Œå®Œæ•´çš„è´­ç‰©æµç¨‹ã€åç«¯è¿è¥å¹³å°ï¼Œå¯ä»¥å®ç°å¿«é€Ÿæ­å»ºä¼ä¸šçº§å¾®æœåŠ¡é¡¹ç›®ã€‚æ”¯æŒå¾®ä¿¡ç™»å½•ç­‰ä¸‰æ–¹ç™»å½•ã€‚
HannahMitt/HomeMirror;7904;709;2015-08-23T03:20:08Z;https://github.com/HannahMitt/HomeMirror.git;Android application powering the mirror in my house
junit-team/junit4;7878;2987;2009-01-13T03:41:26Z;https://github.com/junit-team/junit4.git;A programmer-oriented testing framework for Java.
lihengming/spring-boot-api-project-seed;7878;3349;2017-06-23T10:06:30Z;https://github.com/lihengming/spring-boot-api-project-seed.git;:seedling::rocket:ä¸€ä¸ªåŸºäºSpring Boot & MyBatisçš„ç§å­é¡¹ç›®ï¼Œç”¨äºå¿«é€Ÿæ„å»ºä¸­å°å‹APIã€RESTful APIé¡¹ç›®~
antlr/antlr4;7848;1950;2010-02-04T01:36:28Z;https://github.com/antlr/antlr4.git;ANTLR (ANother Tool for Language Recognition) is a powerful parser generator for reading, processing, executing, or translating structured text or binary files.
lionsoul2014/ip2region;7832;1405;2015-11-02T00:43:13Z;https://github.com/lionsoul2014/ip2region.git;Ip2region is a offline IP location library with accuracy rate of 99.9% and 0.0x millseconds searching performance. DB file is ONLY a few megabytes with all IP address stored. binding for Java,PHP,C,Python,Nodejs,Golang,C#,lua. Binary,B-tree,Memory searching algorithm
neo4j/neo4j;7817;1839;2012-11-12T08:46:15Z;https://github.com/neo4j/neo4j.git;Graphs for Everyone
GcsSloop/AndroidNote;7817;1928;2016-01-04T23:51:36Z;https://github.com/GcsSloop/AndroidNote.git;å®‰å“å­¦ä¹ ç¬”è®°
lzyzsd/JsBridge;7807;1623;2015-02-26T12:10:58Z;https://github.com/lzyzsd/JsBridge.git;android java and javascript bridge, inspired by wechat webview jsbridge
chrisbanes/cheesesquare;7780;1893;2015-05-28T22:54:34Z;https://github.com/chrisbanes/cheesesquare.git;Demos the new Android Design library.
hackware1993/MagicIndicator;7730;1304;2016-06-26T08:20:43Z;https://github.com/hackware1993/MagicIndicator.git;A powerful, customizable and extensible ViewPager indicator framework. As the best alternative of ViewPagerIndicator, TabLayout and PagerSlidingTabStrip   â€”â€”   å¼ºå¤§ã€å¯å®šåˆ¶ã€æ˜“æ‰©å±•çš„ ViewPager æŒ‡ç¤ºå™¨æ¡†æ¶ã€‚æ˜¯ViewPagerIndicatorã€TabLayoutã€PagerSlidingTabStripçš„æœ€ä½³æ›¿ä»£å“ã€‚æ”¯æŒè§’æ ‡ï¼Œæ›´æ”¯æŒåœ¨éViewPageråœºæ™¯ä¸‹ä½¿ç”¨ï¼ˆä½¿ç”¨hide()ã€show()åˆ‡æ¢Fragmentæˆ–ä½¿ç”¨setVisibilityåˆ‡æ¢FrameLayouté‡Œçš„Viewç­‰ï¼‰ï¼Œhttp://www.jianshu.com/p/f3022211821c
ben-manes/caffeine;7694;739;2014-12-13T08:45:11Z;https://github.com/ben-manes/caffeine.git;A high performance caching library for Java 8
alibaba/atlas;7659;1441;2017-02-28T06:31:43Z;https://github.com/alibaba/atlas.git;A powerful Android Dynamic Component Framework.
apereo/cas;7636;3239;2011-09-09T01:36:42Z;https://github.com/apereo/cas.git;Apereo CAS - Enterprise Single Sign On for all earthlings and beyond.
ChrisRM/material-theme-jetbrains;7602;456;2015-09-23T07:15:04Z;https://github.com/ChrisRM/material-theme-jetbrains.git;JetBrains theme of Material Theme
Netflix/SimianArmy;7570;1101;2012-07-06T22:00:05Z;https://github.com/Netflix/SimianArmy.git;Tools for keeping your cloud operating in top form. Chaos Monkey is a resiliency tool that helps applications tolerate random instance failures.
hoochanlon/w3-goto-world;7419;1804;2018-02-15T14:14:32Z;https://github.com/hoochanlon/w3-goto-world.git;ğŸ…å†²å‡ºä½ çš„çª—å£ï¼ŒGité•œåƒã€Clone åŠAWSä¸‹è½½åŠ é€Ÿã€FREE SS/SSR/VMESSã€WireGuardé…ç½®åˆ†äº«ã€IPFSã€æš—ç½‘ç­‰å…¶ä»–èµ„æºå­˜å‚¨åº“
zaproxy/zaproxy;7406;1400;2015-06-03T16:55:01Z;https://github.com/zaproxy/zaproxy.git;The OWASP ZAP core project
OpenRefine/OpenRefine;7371;1302;2012-10-15T02:22:48Z;https://github.com/OpenRefine/OpenRefine.git;OpenRefine is a free, open source power tool for working with messy data and improving it
android/testing-samples;7360;2969;2014-10-11T03:51:27Z;https://github.com/android/testing-samples.git;A collection of samples demonstrating different frameworks and techniques for automated testing
JakeWharton/hugo;7357;745;2013-11-25T09:16:40Z;https://github.com/JakeWharton/hugo.git;Annotation-triggered method call logging for your debug builds.
ybq/Android-SpinKit;7284;1172;2016-03-20T08:40:51Z;https://github.com/ybq/Android-SpinKit.git;Android  loading animations
amitshekhariitbhu/Android-Debug-Database;7251;767;2016-11-16T14:20:24Z;https://github.com/amitshekhariitbhu/Android-Debug-Database.git;A library for debugging android databases and shared preferences - Make Debugging Great Again
stanfordnlp/CoreNLP;7239;2444;2013-06-27T21:13:49Z;https://github.com/stanfordnlp/CoreNLP.git;Stanford CoreNLP: A Java suite of core NLP tools.
hs-web/hsweb-framework;7224;2813;2016-01-18T03:51:39Z;https://github.com/hs-web/hsweb-framework.git;hsweb (haÊŠs wÉ›b) æ˜¯ä¸€ä¸ªç”¨äºå¿«é€Ÿæ­å»ºä¼ä¸šåå°ç®¡ç†ç³»ç»Ÿçš„åŸºç¡€é¡¹ç›®,é›†æˆä¸€æ½å­ä¾¿æ·åŠŸèƒ½å¦‚:ä¾¿æ·çš„é€šç”¨å¢åˆ æ”¹æŸ¥,å¼ºå¤§çš„æƒé™ç®¡ç†,åŠ¨æ€å¤šæ•°æ®æº,åŠ¨æ€è¡¨å•,åœ¨çº¿æ•°æ®åº“ç»´æŠ¤ç­‰. åŸºäº spring-boot,mybaits.
JakeWharton/ActionBarSherlock;7201;3755;2011-03-07T17:28:54Z;https://github.com/JakeWharton/ActionBarSherlock.git;[DEPRECATED] Action bar implementation which uses the native action bar on Android 4.0+ and a custom implementation on pre-4.0 through a single API and theme.
square/dagger;7199;2927;2012-08-02T23:25:32Z;https://github.com/square/dagger.git;A fast dependency injector for Android and Java.
cymcsg/UltimateRecyclerView;7156;1479;2015-01-28T02:27:45Z;https://github.com/cymcsg/UltimateRecyclerView.git;A RecyclerView(advanced and flexible version of ListView in Android) with refreshing,loading more,animation and many other features.
Justson/AgentWeb;7154;1336;2017-05-12T07:45:56Z;https://github.com/Justson/AgentWeb.git; AgentWeb is a powerful library based on Android WebView.
aritraroy/UltimateAndroidReference;7046;1111;2017-04-10T07:28:27Z;https://github.com/aritraroy/UltimateAndroidReference.git;:rocket: Ultimate Android Reference - Your Road to Become a Better Android Developer
heibaiying/BigData-Notes;6984;1953;2019-03-10T01:40:01Z;https://github.com/heibaiying/BigData-Notes.git;å¤§æ•°æ®å…¥é—¨æŒ‡å—  :star:
pedant/sweet-alert-dialog;6980;1923;2014-10-19T09:24:09Z;https://github.com/pedant/sweet-alert-dialog.git;SweetAlert for Android, a beautiful and clever alert dialog
lecho/hellocharts-android;6953;1623;2014-10-12T09:12:37Z;https://github.com/lecho/hellocharts-android.git;Charts/graphs library for Android compatible with API 8+, several chart types with support for scaling, scrolling and animations
firebase/quickstart-android;6935;6865;2016-04-26T17:13:27Z;https://github.com/firebase/quickstart-android.git;Firebase Quickstart Samples for Android
asLody/VirtualApp;6887;2157;2016-07-06T13:25:23Z;https://github.com/asLody/VirtualApp.git;Virtual Engine for Android(Support 10.0 in business version)
hongyangAndroid/okhttputils;6819;2403;2015-08-17T14:53:29Z;https://github.com/hongyangAndroid/okhttputils.git;[åœæ­¢ç»´æŠ¤]okhttpçš„è¾…åŠ©ç±»
shwenzhang/AndResGuard;6769;1246;2015-10-11T11:48:06Z;https://github.com/shwenzhang/AndResGuard.git;proguard resource for Android  by wechat team
facebook/litho;6729;605;2017-01-27T03:59:11Z;https://github.com/facebook/litho.git;A declarative framework for building efficient UIs on Android.
hongyangAndroid/AndroidAutoLayout;6710;1956;2015-11-19T02:09:11Z;https://github.com/hongyangAndroid/AndroidAutoLayout.git;[åœæ­¢ç»´æŠ¤]Androidå±å¹•é€‚é…æ–¹æ¡ˆï¼Œç›´æ¥å¡«å†™è®¾è®¡å›¾ä¸Šçš„åƒç´ å°ºå¯¸å³å¯å®Œæˆé€‚é…ï¼Œæœ€å¤§é™åº¦è§£å†³é€‚é…é—®é¢˜ã€‚
leolin310148/ShortcutBadger;6661;1229;2013-11-15T12:51:52Z;https://github.com/leolin310148/ShortcutBadger.git;An Android library supports badge notification like iOS in Samsung, LG, Sony and HTC launchers.
koush/AndroidAsync;6661;1476;2012-08-24T07:27:04Z;https://github.com/koush/AndroidAsync.git;Asynchronous socket, http(s) (client+server) and websocket library for android. Based on nio, not threads.
Activiti/Activiti;6659;5714;2012-09-13T11:34:43Z;https://github.com/Activiti/Activiti.git;Activiti is a light-weight workflow and Business Process Management (BPM) Platform targeted at business people, developers and system admins. Its core is a super-fast and rock-solid BPMN 2 process engine for Java. It's open-source and distributed under the Apache license. Activiti runs in any Java application, on a server, on a cluster or in the cloud. It integrates perfectly with Spring, it is extremely lightweight and based on simple concepts. 
vipshop/vjtools;6572;1343;2018-05-29T09:07:08Z;https://github.com/vipshop/vjtools.git;The vip.com's java coding standard, libraries and tools
zhisheng17/flink-learning;6570;1770;2019-01-01T07:38:28Z;https://github.com/zhisheng17/flink-learning.git;flink learning blog. http://www.54tianzhisheng.cn  å« Flink å…¥é—¨ã€æ¦‚å¿µã€åŸç†ã€å®æˆ˜ã€æ€§èƒ½è°ƒä¼˜ã€æºç è§£æç­‰å†…å®¹ã€‚æ¶‰åŠ Flink Connectorã€Metricsã€Libraryã€DataStream APIã€Table API & SQL ç­‰å†…å®¹çš„å­¦ä¹ æ¡ˆä¾‹ï¼Œè¿˜æœ‰ Flink è½åœ°åº”ç”¨çš„å¤§å‹é¡¹ç›®æ¡ˆä¾‹ï¼ˆPVUVã€æ—¥å¿—å­˜å‚¨ã€ç™¾äº¿æ•°æ®å®æ—¶å»é‡ã€ç›‘æ§å‘Šè­¦ï¼‰åˆ†äº«ã€‚æ¬¢è¿å¤§å®¶æ”¯æŒæˆ‘çš„ä¸“æ ã€Šå¤§æ•°æ®å®æ—¶è®¡ç®—å¼•æ“ Flink å®æˆ˜ä¸æ€§èƒ½ä¼˜åŒ–ã€‹
huanghaibin-dev/CalendarView;6561;1199;2017-03-11T07:16:09Z;https://github.com/huanghaibin-dev/CalendarView.git;Androidä¸Šä¸€ä¸ªä¼˜é›…ã€ä¸‡èƒ½è‡ªå®šä¹‰UIã€æ”¯æŒå‘¨è§†å›¾ã€è‡ªå®šä¹‰å‘¨èµ·å§‹ã€æ€§èƒ½é«˜æ•ˆçš„æ—¥å†æ§ä»¶ï¼Œæ”¯æŒçƒ­æ’æ‹”å®ç°çš„UIå®šåˆ¶ï¼æ”¯æŒæ ‡è®°ã€è‡ªå®šä¹‰é¢œè‰²ã€å†œå†ã€è‡ªå®šä¹‰æœˆè§†å›¾å„ç§æ˜¾ç¤ºæ¨¡å¼ç­‰ã€‚Canvasç»˜åˆ¶ï¼Œé€Ÿåº¦å¿«ã€å ç”¨å†…å­˜ä½ï¼Œä½ çœŸçš„æƒ³ä¸åˆ°æ—¥å†å±…ç„¶è¿˜å¯ä»¥å¦‚æ­¤ä¼˜é›…ï¼An elegant, highly customized and high-performance Calendar Widget on Android.
DuGuQiuBai/Java;6554;3324;2015-11-25T07:30:08Z;https://github.com/DuGuQiuBai/Java.git;27å¤©æˆä¸ºJavaå¤§ç¥
airbnb/epoxy;6492;533;2016-08-08T23:05:11Z;https://github.com/airbnb/epoxy.git;Epoxy is an Android library for building complex screens in a RecyclerView
jwtk/jjwt;6426;952;2014-09-13T01:06:24Z;https://github.com/jwtk/jjwt.git;Java JWT: JSON Web Token for Java and Android
google/android-classyshark;6375;815;2015-10-12T13:40:48Z;https://github.com/google/android-classyshark.git;Analyze any Android/Java based app or game
swagger-api/swagger-core;6373;1942;2011-07-05T23:44:11Z;https://github.com/swagger-api/swagger-core.git;Examples and server integrations for generating the Swagger API Specification, which enables easy access to your REST API
keycloak/keycloak;6356;2751;2013-07-02T13:38:51Z;https://github.com/keycloak/keycloak.git;Open Source Identity and Access Management For Modern Applications and Services
DroidPluginTeam/DroidPlugin;6354;2493;2015-08-27T11:14:57Z;https://github.com/DroidPluginTeam/DroidPlugin.git;A plugin framework on android,Run any third-party apk without installation, modification or repackage
Qihoo360/RePlugin;6342;1315;2017-06-08T09:39:09Z;https://github.com/Qihoo360/RePlugin.git;RePlugin - A flexible, stable, easy-to-use Android Plug-in Framework
alibaba/DataX;6304;2228;2018-01-18T10:09:47Z;https://github.com/alibaba/DataX.git;null
naman14/Timber;6206;2041;2015-06-12T16:43:55Z;https://github.com/naman14/Timber.git;Material Design Music Player
zendesk/android-floating-action-button;6202;1496;2014-09-19T06:49:21Z;https://github.com/zendesk/android-floating-action-button.git;Floating Action Button for Android based on Material Design specification
koush/ion;6143;1055;2013-05-22T07:41:23Z;https://github.com/koush/ion.git;Android Asynchronous Networking and Image Loading
davemorrissey/subsampling-scale-image-view;6142;945;2013-08-26T16:45:25Z;https://github.com/davemorrissey/subsampling-scale-image-view.git;Android library (AAR). Highly configurable, easily extendable deep zoom view for displaying huge images without loss of detail. Perfect for photo galleries, maps, building plans etc.
eclipse/che;6108;1140;2015-03-26T15:31:01Z;https://github.com/eclipse/che.git;Eclipse Che: Next-generation Eclipse IDE.  Open source workspace server and cloud IDE.
google/physical-web;6070;712;2014-09-30T18:32:14Z;https://github.com/google/physical-web.git;The Physical Web: walk up and use anything
MindorksOpenSource/android-interview-questions;6061;1210;2017-07-09T18:47:24Z;https://github.com/MindorksOpenSource/android-interview-questions.git;Your Cheat Sheet For Android Interview - Android Interview Questions
pedrovgs/EffectiveAndroidUI;6036;1243;2014-07-04T08:42:20Z;https://github.com/pedrovgs/EffectiveAndroidUI.git;Sample project created to show some of the best Android practices to work in the Android UI Layer. The UI layer of this project has been implemented using MVP or MVVM (without binding engine) to show how this patterns works. This project is used during the talk \EffectiveAndroidUI\.
ikew0ng/SwipeBackLayout;6030;1466;2013-08-25T03:36:12Z;https://github.com/ikew0ng/SwipeBackLayout.git;An Android library that help you to build app with swipe back gesture.
rey5137/material;5990;1363;2014-12-09T12:07:32Z;https://github.com/rey5137/material.git;A library to bring fully animated Material Design components to pre-Lolipop Android. 
apache/cassandra;5958;2614;2009-05-21T02:10:09Z;https://github.com/apache/cassandra.git;Mirror of Apache Cassandra
kevin-wayne/algs4;5950;2346;2015-08-31T09:28:49Z;https://github.com/kevin-wayne/algs4.git;Algorithms, 4th edition textbook code and libraries
NLPchina/elasticsearch-sql;5902;1367;2014-08-24T14:26:31Z;https://github.com/NLPchina/elasticsearch-sql.git;Use SQL to query Elasticsearch
apache/shardingsphere-elastic-job-lite;5855;2638;2015-09-11T11:28:52Z;https://github.com/apache/shardingsphere-elastic-job-lite.git;Elastic-Job is a distributed scheduled job framework, based on Quartz and Zookeeper.
Angel-ML/angel;5841;1457;2017-04-25T05:57:43Z;https://github.com/Angel-ML/angel.git;A Flexible and Powerful Parameter Server for large-scale machine learning
barteksc/AndroidPdfViewer;5836;1197;2016-06-02T20:21:21Z;https://github.com/barteksc/AndroidPdfViewer.git;Android view for displaying PDFs rendered with PdfiumAndroid
singwhatiwanna/dynamic-load-apk;5831;2026;2014-03-30T11:51:00Z;https://github.com/singwhatiwanna/dynamic-load-apk.git;DL : dynamic load framework in android
guardianproject/haven;5798;707;2017-03-01T03:20:03Z;https://github.com/guardianproject/haven.git;Haven is for people who need a way to protect their personal spaces and possessions without compromising their own privacy, through an Android app and on-device sensors
daimajia/NumberProgressBar;5766;1382;2014-05-01T08:54:25Z;https://github.com/daimajia/NumberProgressBar.git;A beautiful, slim Android ProgressBar.
thingsboard/thingsboard;5763;1990;2016-12-01T09:33:30Z;https://github.com/thingsboard/thingsboard.git;Open-source IoT Platform - Device management, data collection, processing and visualization.
crossoverJie/cim;5746;1782;2018-05-20T15:55:56Z;https://github.com/crossoverJie/cim.git;ğŸ“²cim(cross IM) é€‚ç”¨äºå¼€å‘è€…çš„åˆ†å¸ƒå¼å³æ—¶é€šè®¯ç³»ç»Ÿ
JakeWharton/u2020;5709;984;2013-11-14T11:58:23Z;https://github.com/JakeWharton/u2020.git;A sample Android app which showcases advanced usage of Dagger among other open source libraries.
